Name,Group Number,Day,Dates,Start Time,End Time,Location,Type,Teacher
Baccalauréat enactuariat,N/A,N/A,N/A,N/A,N/A,N/A,N/A,N/A
Baccalauréat enactuariat,N/A,N/A,N/A,N/A,N/A,N/A,N/A,N/A
Baccalauréat enactuariat,N/A,N/A,N/A,N/A,N/A,N/A,N/A,N/A
Baccalauréat enactuariat,N/A,N/A,N/A,N/A,N/A,N/A,N/A,N/A
Baccalauréat enactuariat,N/A,N/A,N/A,N/A,N/A,N/A,N/A,N/A
Baccalauréat enactuariat,N/A,N/A,N/A,N/A,N/A,N/A,N/A,N/A
Baccalauréat enactuariat,N/A,N/A,N/A,N/A,N/A,N/A,N/A,N/A
Baccalauréat enactuariat,N/A,N/A,N/A,N/A,N/A,N/A,N/A,N/A
Baccalauréat enactuariat,N/A,N/A,N/A,N/A,N/A,N/A,N/A,N/A
Baccalauréat enactuariat,N/A,N/A,N/A,N/A,N/A,N/A,N/A,N/A
Baccalauréat enactuariat,N/A,N/A,N/A,N/A,N/A,N/A,N/A,N/A
Baccalauréat enactuariat,N/A,N/A,N/A,N/A,N/A,N/A,N/A,N/A
Baccalauréat enadministration des affaires,N/A,N/A,N/A,N/A,N/A,N/A,N/A,N/A
Baccalauréat enadministration des affaires,N/A,N/A,N/A,N/A,N/A,N/A,N/A,N/A
Baccalauréat enadministration des affaires,N/A,N/A,N/A,N/A,N/A,N/A,N/A,N/A
Baccalauréat enadministration des affaires,N/A,N/A,N/A,N/A,N/A,N/A,N/A,N/A
Baccalauréat enadministration des affaires,N/A,N/A,N/A,N/A,N/A,N/A,N/A,N/A
Baccalauréat enadministration des affaires,N/A,N/A,N/A,N/A,N/A,N/A,N/A,N/A
Baccalauréat enadministration des affaires,N/A,N/A,N/A,N/A,N/A,N/A,N/A,N/A
Baccalauréat enadministration des affaires,N/A,N/A,N/A,N/A,N/A,N/A,N/A,N/A
Baccalauréat enadministration des affaires,N/A,N/A,N/A,N/A,N/A,N/A,N/A,N/A
Baccalauréat enadministration des affaires,N/A,N/A,N/A,N/A,N/A,N/A,N/A,N/A
Baccalauréat enadministration des affaires,N/A,N/A,N/A,N/A,N/A,N/A,N/A,N/A
Baccalauréat enadministration des affaires,N/A,N/A,N/A,N/A,N/A,N/A,N/A,N/A
Baccalauréat enadministration des affaires,N/A,N/A,N/A,N/A,N/A,N/A,N/A,N/A
Baccalauréat enadministration des affaires,N/A,N/A,N/A,N/A,N/A,N/A,N/A,N/A
Baccalauréat enadministration des affaires,N/A,N/A,N/A,N/A,N/A,N/A,N/A,N/A
Baccalauréat enadministration des affaires,N/A,N/A,N/A,N/A,N/A,N/A,N/A,N/A
Baccalauréat enadministration des affaires,N/A,N/A,N/A,N/A,N/A,N/A,N/A,N/A
Baccalauréat enadministration des affaires,N/A,N/A,N/A,N/A,N/A,N/A,N/A,N/A
Baccalauréat enadministration des affaires,N/A,N/A,N/A,N/A,N/A,N/A,N/A,N/A
Baccalauréat enadministration des affaires,N/A,N/A,N/A,N/A,N/A,N/A,N/A,N/A
Baccalauréat enadministration des affaires,N/A,N/A,N/A,N/A,N/A,N/A,N/A,N/A
Baccalauréat enadministration des affaires,N/A,N/A,N/A,N/A,N/A,N/A,N/A,N/A
Baccalauréat enadministration des affaires,N/A,N/A,N/A,N/A,N/A,N/A,N/A,N/A
Baccalauréat enadministration des affaires,N/A,N/A,N/A,N/A,N/A,N/A,N/A,N/A
Baccalauréat enadministration des affaires,N/A,N/A,N/A,N/A,N/A,N/A,N/A,N/A
Baccalauréat enadministration des affaires,N/A,N/A,N/A,N/A,N/A,N/A,N/A,N/A
Baccalauréat enadministration des affaires,N/A,N/A,N/A,N/A,N/A,N/A,N/A,N/A
Baccalauréat enadministration des affaires,N/A,N/A,N/A,N/A,N/A,N/A,N/A,N/A
Baccalauréat enadministration des affaires,N/A,N/A,N/A,N/A,N/A,N/A,N/A,N/A
Baccalauréat enadministration des affaires,N/A,N/A,N/A,N/A,N/A,N/A,N/A,N/A
Baccalauréat enadministration des affaires,N/A,N/A,N/A,N/A,N/A,N/A,N/A,N/A
Baccalauréat enadministration des affaires,N/A,N/A,N/A,N/A,N/A,N/A,N/A,N/A
Baccalauréat enadministration des affaires,N/A,N/A,N/A,N/A,N/A,N/A,N/A,N/A
Baccalauréat enadministration des affaires,N/A,N/A,N/A,N/A,N/A,N/A,N/A,N/A
Baccalauréat enadministration des affaires,N/A,N/A,N/A,N/A,N/A,N/A,N/A,N/A
Baccalauréat enadministration des affaires,N/A,N/A,N/A,N/A,N/A,N/A,N/A,N/A
Baccalauréat enadministration des affaires,N/A,N/A,N/A,N/A,N/A,N/A,N/A,N/A
Baccalauréat enadministration des affaires,N/A,N/A,N/A,N/A,N/A,N/A,N/A,N/A
Baccalauréat enadministration des affaires,N/A,N/A,N/A,N/A,N/A,N/A,N/A,N/A
Baccalauréat enadministration des affaires,N/A,N/A,N/A,N/A,N/A,N/A,N/A,N/A
Baccalauréat enadministration des affaires,N/A,N/A,N/A,N/A,N/A,N/A,N/A,N/A
Baccalauréat enadministration des affaires,N/A,N/A,N/A,N/A,N/A,N/A,N/A,N/A
Baccalauréat enadministration des affaires,N/A,N/A,N/A,N/A,N/A,N/A,N/A,N/A
Baccalauréat enadministration des affaires,N/A,N/A,N/A,N/A,N/A,N/A,N/A,N/A
Baccalauréat enadministration des affaires,N/A,N/A,N/A,N/A,N/A,N/A,N/A,N/A
Baccalauréat enadministration des affaires,N/A,N/A,N/A,N/A,N/A,N/A,N/A,N/A
Baccalauréat enadministration des affaires,N/A,N/A,N/A,N/A,N/A,N/A,N/A,N/A
Baccalauréat enadministration des affaires,N/A,N/A,N/A,N/A,N/A,N/A,N/A,N/A
Baccalauréat enadministration des affaires,N/A,N/A,N/A,N/A,N/A,N/A,N/A,N/A
Baccalauréat enadministration des affaires,N/A,N/A,N/A,N/A,N/A,N/A,N/A,N/A
Baccalauréat enadministration des affaires,N/A,N/A,N/A,N/A,N/A,N/A,N/A,N/A
Baccalauréat enadministration des affaires,N/A,N/A,N/A,N/A,N/A,N/A,N/A,N/A
Baccalauréat enadministration des affaires,N/A,N/A,N/A,N/A,N/A,N/A,N/A,N/A
Baccalauréat enadministration des affaires,N/A,N/A,N/A,N/A,N/A,N/A,N/A,N/A
Baccalauréat enadministration des affaires,N/A,N/A,N/A,N/A,N/A,N/A,N/A,N/A
Baccalauréat enadministration des affaires,N/A,N/A,N/A,N/A,N/A,N/A,N/A,N/A
Baccalauréat enadministration des affaires,N/A,N/A,N/A,N/A,N/A,N/A,N/A,N/A
Baccalauréat enadministration des affaires,N/A,N/A,N/A,N/A,N/A,N/A,N/A,N/A
Baccalauréat enadministration des affaires,N/A,N/A,N/A,N/A,N/A,N/A,N/A,N/A
Baccalauréat enadministration des affaires,N/A,N/A,N/A,N/A,N/A,N/A,N/A,N/A
Baccalauréat enadministration des affaires,N/A,N/A,N/A,N/A,N/A,N/A,N/A,N/A
Baccalauréat enadministration des affaires,N/A,N/A,N/A,N/A,N/A,N/A,N/A,N/A
Baccalauréat enadministration des affaires,N/A,N/A,N/A,N/A,N/A,N/A,N/A,N/A
Baccalauréat enadministration des affaires,N/A,N/A,N/A,N/A,N/A,N/A,N/A,N/A
Baccalauréat enadministration des affaires,N/A,N/A,N/A,N/A,N/A,N/A,N/A,N/A
Baccalauréat enadministration des affaires,N/A,N/A,N/A,N/A,N/A,N/A,N/A,N/A
Baccalauréat enadministration des affaires,N/A,N/A,N/A,N/A,N/A,N/A,N/A,N/A
Baccalauréat enadministration des affaires,N/A,N/A,N/A,N/A,N/A,N/A,N/A,N/A
Baccalauréat enadministration des affaires,N/A,N/A,N/A,N/A,N/A,N/A,N/A,N/A
Baccalauréat enadministration des affaires,N/A,N/A,N/A,N/A,N/A,N/A,N/A,N/A
Baccalauréat enadministration des affaires,N/A,N/A,N/A,N/A,N/A,N/A,N/A,N/A
Baccalauréat enadministration des affaires,N/A,N/A,N/A,N/A,N/A,N/A,N/A,N/A
Baccalauréat enadministration des affaires,N/A,N/A,N/A,N/A,N/A,N/A,N/A,N/A
Baccalauréat enadministration des affaires,N/A,N/A,N/A,N/A,N/A,N/A,N/A,N/A
Baccalauréat enadministration des affaires,N/A,N/A,N/A,N/A,N/A,N/A,N/A,N/A
Baccalauréat enadministration des affaires,N/A,N/A,N/A,N/A,N/A,N/A,N/A,N/A
Baccalauréat enadministration des affaires,N/A,N/A,N/A,N/A,N/A,N/A,N/A,N/A
Baccalauréat enadministration des affaires,N/A,N/A,N/A,N/A,N/A,N/A,N/A,N/A
Baccalauréat enadministration des affaires,N/A,N/A,N/A,N/A,N/A,N/A,N/A,N/A
Baccalauréat enadministration des affaires,N/A,N/A,N/A,N/A,N/A,N/A,N/A,N/A
Baccalauréat enadministration des affaires,N/A,N/A,N/A,N/A,N/A,N/A,N/A,N/A
Baccalauréat enadministration des affaires,N/A,N/A,N/A,N/A,N/A,N/A,N/A,N/A
Baccalauréat enadministration des affaires,N/A,N/A,N/A,N/A,N/A,N/A,N/A,N/A
Baccalauréat enadministration des affaires,N/A,N/A,N/A,N/A,N/A,N/A,N/A,N/A
Baccalauréat enadministration des affaires,N/A,N/A,N/A,N/A,N/A,N/A,N/A,N/A
Baccalauréat enadministration des affaires,N/A,N/A,N/A,N/A,N/A,N/A,N/A,N/A
Baccalauréat enadministration des affaires,N/A,N/A,N/A,N/A,N/A,N/A,N/A,N/A
Baccalauréat enadministration des affaires,N/A,N/A,N/A,N/A,N/A,N/A,N/A,N/A
Baccalauréat enadministration des affaires,N/A,N/A,N/A,N/A,N/A,N/A,N/A,N/A
Baccalauréat enadministration des affaires,N/A,N/A,N/A,N/A,N/A,N/A,N/A,N/A
Baccalauréat enadministration des affaires,N/A,N/A,N/A,N/A,N/A,N/A,N/A,N/A
Baccalauréat enadministration des affaires - expertise comptable,N/A,N/A,N/A,N/A,N/A,N/A,N/A,N/A
Baccalauréat enadministration des affaires - expertise comptable,N/A,N/A,N/A,N/A,N/A,N/A,N/A,N/A
Baccalauréat enadministration des affaires - expertise comptable,N/A,N/A,N/A,N/A,N/A,N/A,N/A,N/A
Baccalauréat enadministration des affaires - expertise comptable,N/A,N/A,N/A,N/A,N/A,N/A,N/A,N/A
Baccalauréat enadministration des affaires - expertise comptable,N/A,N/A,N/A,N/A,N/A,N/A,N/A,N/A
Baccalauréat enadministration des affaires - expertise comptable,N/A,N/A,N/A,N/A,N/A,N/A,N/A,N/A
Baccalauréat enadministration des affaires - expertise comptable,N/A,N/A,N/A,N/A,N/A,N/A,N/A,N/A
Baccalauréat enadministration des affaires - expertise comptable,N/A,N/A,N/A,N/A,N/A,N/A,N/A,N/A
Baccalauréat enadministration des affaires - expertise comptable,N/A,N/A,N/A,N/A,N/A,N/A,N/A,N/A
Baccalauréat enadministration des affaires - expertise comptable,N/A,N/A,N/A,N/A,N/A,N/A,N/A,N/A
Baccalauréat enadministration des affaires - expertise comptable,N/A,N/A,N/A,N/A,N/A,N/A,N/A,N/A
Baccalauréat enadministration des affaires - expertise comptable,N/A,N/A,N/A,N/A,N/A,N/A,N/A,N/A
Baccalauréat enadministration des affaires - expertise comptable,N/A,N/A,N/A,N/A,N/A,N/A,N/A,N/A
Baccalauréat enadministration des affaires - gestion des ressources humaines,N/A,N/A,N/A,N/A,N/A,N/A,N/A,N/A
Baccalauréat enadministration des affaires - gestion des ressources humaines,N/A,N/A,N/A,N/A,N/A,N/A,N/A,N/A
Baccalauréat enadministration des affaires - gestion des ressources humaines,N/A,N/A,N/A,N/A,N/A,N/A,N/A,N/A
Baccalauréat enadministration des affaires - gestion des ressources humaines,N/A,N/A,N/A,N/A,N/A,N/A,N/A,N/A
Baccalauréat enadministration des affaires - gestion des ressources humaines,N/A,N/A,N/A,N/A,N/A,N/A,N/A,N/A
Baccalauréat enadministration des affaires - gestion des ressources humaines,N/A,N/A,N/A,N/A,N/A,N/A,N/A,N/A
Baccalauréat enadministration des affaires - gestion des ressources humaines,N/A,N/A,N/A,N/A,N/A,N/A,N/A,N/A
Baccalauréat enadministration des affaires - gestion des ressources humaines,N/A,N/A,N/A,N/A,N/A,N/A,N/A,N/A
Baccalauréat enadministration des affaires - gestion des ressources humaines,N/A,N/A,N/A,N/A,N/A,N/A,N/A,N/A
Baccalauréat enadministration des affaires - gestion des ressources humaines,N/A,N/A,N/A,N/A,N/A,N/A,N/A,N/A
Baccalauréat enagroéconomie,N/A,N/A,N/A,N/A,N/A,N/A,N/A,N/A
Baccalauréat enagroéconomie,N/A,N/A,N/A,N/A,N/A,N/A,N/A,N/A
Baccalauréat enagroéconomie,N/A,N/A,N/A,N/A,N/A,N/A,N/A,N/A
Baccalauréat enagroéconomie,N/A,N/A,N/A,N/A,N/A,N/A,N/A,N/A
Baccalauréat enagroéconomie,N/A,N/A,N/A,N/A,N/A,N/A,N/A,N/A
Baccalauréat enagroéconomie,N/A,N/A,N/A,N/A,N/A,N/A,N/A,N/A
Baccalauréat enagroéconomie,N/A,N/A,N/A,N/A,N/A,N/A,N/A,N/A
Baccalauréat enagroéconomie,N/A,N/A,N/A,N/A,N/A,N/A,N/A,N/A
Baccalauréat enagroéconomie,N/A,N/A,N/A,N/A,N/A,N/A,N/A,N/A
Baccalauréat enagroéconomie,N/A,N/A,N/A,N/A,N/A,N/A,N/A,N/A
Baccalauréat enagroéconomie,N/A,N/A,N/A,N/A,N/A,N/A,N/A,N/A
Baccalauréat enagroéconomie,N/A,N/A,N/A,N/A,N/A,N/A,N/A,N/A
Baccalauréat enagroéconomie,N/A,N/A,N/A,N/A,N/A,N/A,N/A,N/A
Baccalauréat enagroéconomie,N/A,N/A,N/A,N/A,N/A,N/A,N/A,N/A
Baccalauréat enagronomie,N/A,N/A,N/A,N/A,N/A,N/A,N/A,N/A
Baccalauréat enagronomie,N/A,N/A,N/A,N/A,N/A,N/A,N/A,N/A
Baccalauréat enagronomie,N/A,N/A,N/A,N/A,N/A,N/A,N/A,N/A
Baccalauréat enagronomie,N/A,N/A,N/A,N/A,N/A,N/A,N/A,N/A
Baccalauréat enagronomie,N/A,N/A,N/A,N/A,N/A,N/A,N/A,N/A
Baccalauréat enagronomie,N/A,N/A,N/A,N/A,N/A,N/A,N/A,N/A
Baccalauréat enagronomie,N/A,N/A,N/A,N/A,N/A,N/A,N/A,N/A
Baccalauréat enagronomie,N/A,N/A,N/A,N/A,N/A,N/A,N/A,N/A
Baccalauréat enagronomie,N/A,N/A,N/A,N/A,N/A,N/A,N/A,N/A
Baccalauréat enagronomie,N/A,N/A,N/A,N/A,N/A,N/A,N/A,N/A
Baccalauréat enagronomie,N/A,N/A,N/A,N/A,N/A,N/A,N/A,N/A
Baccalauréat enagronomie,N/A,N/A,N/A,N/A,N/A,N/A,N/A,N/A
Baccalauréat enagronomie,N/A,N/A,N/A,N/A,N/A,N/A,N/A,N/A
Baccalauréat enagronomie,N/A,N/A,N/A,N/A,N/A,N/A,N/A,N/A
Baccalauréat enagronomie,N/A,N/A,N/A,N/A,N/A,N/A,N/A,N/A
Baccalauréat enagronomie,N/A,N/A,N/A,N/A,N/A,N/A,N/A,N/A
Baccalauréat enagronomie,N/A,N/A,N/A,N/A,N/A,N/A,N/A,N/A
Baccalauréat enagronomie,N/A,N/A,N/A,N/A,N/A,N/A,N/A,N/A
Baccalauréat enagronomie,N/A,N/A,N/A,N/A,N/A,N/A,N/A,N/A
Baccalauréat enagronomie,N/A,N/A,N/A,N/A,N/A,N/A,N/A,N/A
Baccalauréat enagronomie,N/A,N/A,N/A,N/A,N/A,N/A,N/A,N/A
Baccalauréat enagronomie,N/A,N/A,N/A,N/A,N/A,N/A,N/A,N/A
Baccalauréat enaménagement et environnement forestiers,N/A,N/A,N/A,N/A,N/A,N/A,N/A,N/A
Baccalauréat enaménagement et environnement forestiers,N/A,N/A,N/A,N/A,N/A,N/A,N/A,N/A
Baccalauréat enaménagement et environnement forestiers,N/A,N/A,N/A,N/A,N/A,N/A,N/A,N/A
Baccalauréat enaménagement et environnement forestiers,N/A,N/A,N/A,N/A,N/A,N/A,N/A,N/A
Baccalauréat enaménagement et environnement forestiers,N/A,N/A,N/A,N/A,N/A,N/A,N/A,N/A
Baccalauréat enaménagement et environnement forestiers,N/A,N/A,N/A,N/A,N/A,N/A,N/A,N/A
Baccalauréat enaménagement et environnement forestiers,N/A,N/A,N/A,N/A,N/A,N/A,N/A,N/A
Baccalauréat enaménagement et environnement forestiers,N/A,N/A,N/A,N/A,N/A,N/A,N/A,N/A
Baccalauréat enaménagement et environnement forestiers,N/A,N/A,N/A,N/A,N/A,N/A,N/A,N/A
Baccalauréat enaménagement et environnement forestiers,N/A,N/A,N/A,N/A,N/A,N/A,N/A,N/A
Baccalauréat enaménagement et environnement forestiers,N/A,N/A,N/A,N/A,N/A,N/A,N/A,N/A
Baccalauréat enaménagement et environnement forestiers,N/A,N/A,N/A,N/A,N/A,N/A,N/A,N/A
Baccalauréat enaménagement et environnement forestiers,N/A,N/A,N/A,N/A,N/A,N/A,N/A,N/A
Baccalauréat enanthropologie,N/A,N/A,N/A,N/A,N/A,N/A,N/A,N/A
Baccalauréat enanthropologie,N/A,N/A,N/A,N/A,N/A,N/A,N/A,N/A
Baccalauréat enanthropologie,N/A,N/A,N/A,N/A,N/A,N/A,N/A,N/A
Baccalauréat enanthropologie,N/A,N/A,N/A,N/A,N/A,N/A,N/A,N/A
Baccalauréat enanthropologie,N/A,N/A,N/A,N/A,N/A,N/A,N/A,N/A
Baccalauréat enanthropologie,N/A,N/A,N/A,N/A,N/A,N/A,N/A,N/A
Baccalauréat enanthropologie,N/A,N/A,N/A,N/A,N/A,N/A,N/A,N/A
Baccalauréat enanthropologie,N/A,N/A,N/A,N/A,N/A,N/A,N/A,N/A
Baccalauréat enanthropologie,N/A,N/A,N/A,N/A,N/A,N/A,N/A,N/A
Baccalauréat enanthropologie,N/A,N/A,N/A,N/A,N/A,N/A,N/A,N/A
Baccalauréat enanthropologie,N/A,N/A,N/A,N/A,N/A,N/A,N/A,N/A
Baccalauréat enanthropologie,N/A,N/A,N/A,N/A,N/A,N/A,N/A,N/A
Baccalauréat enanthropologie,N/A,N/A,N/A,N/A,N/A,N/A,N/A,N/A
Baccalauréat enanthropologie,N/A,N/A,N/A,N/A,N/A,N/A,N/A,N/A
Baccalauréat enanthropologie,N/A,N/A,N/A,N/A,N/A,N/A,N/A,N/A
Baccalauréat enanthropologie,N/A,N/A,N/A,N/A,N/A,N/A,N/A,N/A
Baccalauréat enanthropologie,N/A,N/A,N/A,N/A,N/A,N/A,N/A,N/A
Baccalauréat enanthropologie,N/A,N/A,N/A,N/A,N/A,N/A,N/A,N/A
Baccalauréat enanthropologie,N/A,N/A,N/A,N/A,N/A,N/A,N/A,N/A
Baccalauréat enanthropologie,N/A,N/A,N/A,N/A,N/A,N/A,N/A,N/A
Baccalauréat enanthropologie,N/A,N/A,N/A,N/A,N/A,N/A,N/A,N/A
Baccalauréat enarchéologie,N/A,N/A,N/A,N/A,N/A,N/A,N/A,N/A
Baccalauréat enarchéologie,N/A,N/A,N/A,N/A,N/A,N/A,N/A,N/A
Baccalauréat enarchéologie,N/A,N/A,N/A,N/A,N/A,N/A,N/A,N/A
Baccalauréat enarchéologie,N/A,N/A,N/A,N/A,N/A,N/A,N/A,N/A
Baccalauréat enarchéologie,N/A,N/A,N/A,N/A,N/A,N/A,N/A,N/A
Baccalauréat enarchéologie,N/A,N/A,N/A,N/A,N/A,N/A,N/A,N/A
Baccalauréat enarchéologie,N/A,N/A,N/A,N/A,N/A,N/A,N/A,N/A
Baccalauréat enarchéologie,N/A,N/A,N/A,N/A,N/A,N/A,N/A,N/A
Baccalauréat enarchéologie,N/A,N/A,N/A,N/A,N/A,N/A,N/A,N/A
Baccalauréat enarchéologie,N/A,N/A,N/A,N/A,N/A,N/A,N/A,N/A
Baccalauréat enarchéologie,N/A,N/A,N/A,N/A,N/A,N/A,N/A,N/A
Baccalauréat enarchéologie,N/A,N/A,N/A,N/A,N/A,N/A,N/A,N/A
Baccalauréat enarchéologie,N/A,N/A,N/A,N/A,N/A,N/A,N/A,N/A
Baccalauréat enarchéologie,N/A,N/A,N/A,N/A,N/A,N/A,N/A,N/A
Baccalauréat enarchéologie,N/A,N/A,N/A,N/A,N/A,N/A,N/A,N/A
Baccalauréat enarchéologie,N/A,N/A,N/A,N/A,N/A,N/A,N/A,N/A
Baccalauréat enarchitecture,N/A,N/A,N/A,N/A,N/A,N/A,N/A,N/A
Baccalauréat enarchitecture,N/A,N/A,N/A,N/A,N/A,N/A,N/A,N/A
Baccalauréat enarchitecture,N/A,N/A,N/A,N/A,N/A,N/A,N/A,N/A
Baccalauréat enarchitecture,N/A,N/A,N/A,N/A,N/A,N/A,N/A,N/A
Baccalauréat enarchitecture,N/A,N/A,N/A,N/A,N/A,N/A,N/A,N/A
Baccalauréat enarchitecture,N/A,N/A,N/A,N/A,N/A,N/A,N/A,N/A
Baccalauréat enarchitecture,N/A,N/A,N/A,N/A,N/A,N/A,N/A,N/A
Baccalauréat enarchitecture,N/A,N/A,N/A,N/A,N/A,N/A,N/A,N/A
Baccalauréat enarchitecture,N/A,N/A,N/A,N/A,N/A,N/A,N/A,N/A
Baccalauréat enarchitecture,N/A,N/A,N/A,N/A,N/A,N/A,N/A,N/A
Baccalauréat enarchitecture,N/A,N/A,N/A,N/A,N/A,N/A,N/A,N/A
Baccalauréat enarchitecture,N/A,N/A,N/A,N/A,N/A,N/A,N/A,N/A
Baccalauréat enarchitecture,N/A,N/A,N/A,N/A,N/A,N/A,N/A,N/A
Baccalauréat enarchitecture,N/A,N/A,N/A,N/A,N/A,N/A,N/A,N/A
Baccalauréat enarchitecture,N/A,N/A,N/A,N/A,N/A,N/A,N/A,N/A
Baccalauréat enarchitecture,N/A,N/A,N/A,N/A,N/A,N/A,N/A,N/A
Baccalauréat enarchitecture,N/A,N/A,N/A,N/A,N/A,N/A,N/A,N/A
Baccalauréat enart et science de l'animation,N/A,N/A,N/A,N/A,N/A,N/A,N/A,N/A
Baccalauréat enart et science de l'animation,N/A,N/A,N/A,N/A,N/A,N/A,N/A,N/A
Baccalauréat enart et science de l'animation,N/A,N/A,N/A,N/A,N/A,N/A,N/A,N/A
Baccalauréat enart et science de l'animation,N/A,N/A,N/A,N/A,N/A,N/A,N/A,N/A
Baccalauréat enart et science de l'animation,N/A,N/A,N/A,N/A,N/A,N/A,N/A,N/A
Baccalauréat enart et science de l'animation,N/A,N/A,N/A,N/A,N/A,N/A,N/A,N/A
Baccalauréat enart et science de l'animation,N/A,N/A,N/A,N/A,N/A,N/A,N/A,N/A
Baccalauréat enart et science de l'animation,N/A,N/A,N/A,N/A,N/A,N/A,N/A,N/A
Baccalauréat enart et science de l'animation,N/A,N/A,N/A,N/A,N/A,N/A,N/A,N/A
Baccalauréat enart et science de l'animation,N/A,N/A,N/A,N/A,N/A,N/A,N/A,N/A
Baccalauréat enart et science de l'animation,N/A,N/A,N/A,N/A,N/A,N/A,N/A,N/A
Baccalauréat enart et science de l'animation,N/A,N/A,N/A,N/A,N/A,N/A,N/A,N/A
Baccalauréat enarts visuels et médiatiques,N/A,N/A,N/A,N/A,N/A,N/A,N/A,N/A
Baccalauréat enarts visuels et médiatiques,N/A,N/A,N/A,N/A,N/A,N/A,N/A,N/A
Baccalauréat enarts visuels et médiatiques,N/A,N/A,N/A,N/A,N/A,N/A,N/A,N/A
Baccalauréat enarts visuels et médiatiques,N/A,N/A,N/A,N/A,N/A,N/A,N/A,N/A
Baccalauréat enarts visuels et médiatiques,N/A,N/A,N/A,N/A,N/A,N/A,N/A,N/A
Baccalauréat enarts visuels et médiatiques,N/A,N/A,N/A,N/A,N/A,N/A,N/A,N/A
Baccalauréat enarts visuels et médiatiques,N/A,N/A,N/A,N/A,N/A,N/A,N/A,N/A
Baccalauréat enarts visuels et médiatiques,N/A,N/A,N/A,N/A,N/A,N/A,N/A,N/A
Baccalauréat enarts visuels et médiatiques,N/A,N/A,N/A,N/A,N/A,N/A,N/A,N/A
Baccalauréat enarts visuels et médiatiques,N/A,N/A,N/A,N/A,N/A,N/A,N/A,N/A
Baccalauréat enarts visuels et médiatiques,N/A,N/A,N/A,N/A,N/A,N/A,N/A,N/A
Baccalauréat enarts visuels et médiatiques,N/A,N/A,N/A,N/A,N/A,N/A,N/A,N/A
Baccalauréat enarts visuels et médiatiques,N/A,N/A,N/A,N/A,N/A,N/A,N/A,N/A
Baccalauréat enbiochimie,N/A,N/A,N/A,N/A,N/A,N/A,N/A,N/A
Baccalauréat enbiochimie,N/A,N/A,N/A,N/A,N/A,N/A,N/A,N/A
Baccalauréat enbiochimie,N/A,N/A,N/A,N/A,N/A,N/A,N/A,N/A
Baccalauréat enbiochimie,N/A,N/A,N/A,N/A,N/A,N/A,N/A,N/A
Baccalauréat enbiochimie,N/A,N/A,N/A,N/A,N/A,N/A,N/A,N/A
Baccalauréat enbiochimie,N/A,N/A,N/A,N/A,N/A,N/A,N/A,N/A
Baccalauréat enbiochimie,N/A,N/A,N/A,N/A,N/A,N/A,N/A,N/A
Baccalauréat enbiochimie,N/A,N/A,N/A,N/A,N/A,N/A,N/A,N/A
Baccalauréat enbiochimie,N/A,N/A,N/A,N/A,N/A,N/A,N/A,N/A
Baccalauréat enbiochimie,N/A,N/A,N/A,N/A,N/A,N/A,N/A,N/A
Baccalauréat enbiochimie,N/A,N/A,N/A,N/A,N/A,N/A,N/A,N/A
Baccalauréat enbiochimie,N/A,N/A,N/A,N/A,N/A,N/A,N/A,N/A
Baccalauréat enbiochimie,N/A,N/A,N/A,N/A,N/A,N/A,N/A,N/A
Baccalauréat enbiochimie,N/A,N/A,N/A,N/A,N/A,N/A,N/A,N/A
Baccalauréat enbiochimie,N/A,N/A,N/A,N/A,N/A,N/A,N/A,N/A
Baccalauréat enbiochimie,N/A,N/A,N/A,N/A,N/A,N/A,N/A,N/A
Baccalauréat enbiochimie,N/A,N/A,N/A,N/A,N/A,N/A,N/A,N/A
Baccalauréat enbiochimie,N/A,N/A,N/A,N/A,N/A,N/A,N/A,N/A
Baccalauréat enbiochimie,N/A,N/A,N/A,N/A,N/A,N/A,N/A,N/A
Baccalauréat enbiochimie,N/A,N/A,N/A,N/A,N/A,N/A,N/A,N/A
Baccalauréat enbiochimie,N/A,N/A,N/A,N/A,N/A,N/A,N/A,N/A
Baccalauréat enbiochimie,N/A,N/A,N/A,N/A,N/A,N/A,N/A,N/A
Baccalauréat enbiochimie,N/A,N/A,N/A,N/A,N/A,N/A,N/A,N/A
Baccalauréat enbiochimie,N/A,N/A,N/A,N/A,N/A,N/A,N/A,N/A
Baccalauréat enbiochimie,N/A,N/A,N/A,N/A,N/A,N/A,N/A,N/A
Baccalauréat enbiochimie,N/A,N/A,N/A,N/A,N/A,N/A,N/A,N/A
Baccalauréat enbiochimie,N/A,N/A,N/A,N/A,N/A,N/A,N/A,N/A
Baccalauréat enbio-informatique,N/A,N/A,N/A,N/A,N/A,N/A,N/A,N/A
Baccalauréat enbio-informatique,N/A,N/A,N/A,N/A,N/A,N/A,N/A,N/A
Baccalauréat enbio-informatique,N/A,N/A,N/A,N/A,N/A,N/A,N/A,N/A
Baccalauréat enbio-informatique,N/A,N/A,N/A,N/A,N/A,N/A,N/A,N/A
Baccalauréat enbio-informatique,N/A,N/A,N/A,N/A,N/A,N/A,N/A,N/A
Baccalauréat enbio-informatique,N/A,N/A,N/A,N/A,N/A,N/A,N/A,N/A
Baccalauréat enbio-informatique,N/A,N/A,N/A,N/A,N/A,N/A,N/A,N/A
Baccalauréat enbio-informatique,N/A,N/A,N/A,N/A,N/A,N/A,N/A,N/A
Baccalauréat enbio-informatique,N/A,N/A,N/A,N/A,N/A,N/A,N/A,N/A
Baccalauréat enbio-informatique,N/A,N/A,N/A,N/A,N/A,N/A,N/A,N/A
Baccalauréat enbio-informatique,N/A,N/A,N/A,N/A,N/A,N/A,N/A,N/A
Baccalauréat enbio-informatique,N/A,N/A,N/A,N/A,N/A,N/A,N/A,N/A
Baccalauréat enbio-informatique,N/A,N/A,N/A,N/A,N/A,N/A,N/A,N/A
Baccalauréat enbio-informatique,N/A,N/A,N/A,N/A,N/A,N/A,N/A,N/A
Baccalauréat enbio-informatique,N/A,N/A,N/A,N/A,N/A,N/A,N/A,N/A
Baccalauréat enbio-informatique,N/A,N/A,N/A,N/A,N/A,N/A,N/A,N/A
Baccalauréat enbio-informatique,N/A,N/A,N/A,N/A,N/A,N/A,N/A,N/A
Baccalauréat enbio-informatique,N/A,N/A,N/A,N/A,N/A,N/A,N/A,N/A
Baccalauréat enbio-informatique,N/A,N/A,N/A,N/A,N/A,N/A,N/A,N/A
Baccalauréat enbio-informatique,N/A,N/A,N/A,N/A,N/A,N/A,N/A,N/A
Baccalauréat enbio-informatique,N/A,N/A,N/A,N/A,N/A,N/A,N/A,N/A
Baccalauréat enbio-informatique,N/A,N/A,N/A,N/A,N/A,N/A,N/A,N/A
Baccalauréat enbio-informatique,N/A,N/A,N/A,N/A,N/A,N/A,N/A,N/A
Baccalauréat enbio-informatique,N/A,N/A,N/A,N/A,N/A,N/A,N/A,N/A
Baccalauréat enbio-informatique,N/A,N/A,N/A,N/A,N/A,N/A,N/A,N/A
Baccalauréat enbio-informatique,N/A,N/A,N/A,N/A,N/A,N/A,N/A,N/A
Baccalauréat enbio-informatique,N/A,N/A,N/A,N/A,N/A,N/A,N/A,N/A
Baccalauréat enbio-informatique,N/A,N/A,N/A,N/A,N/A,N/A,N/A,N/A
Baccalauréat enbio-informatique,N/A,N/A,N/A,N/A,N/A,N/A,N/A,N/A
Baccalauréat enbio-informatique,N/A,N/A,N/A,N/A,N/A,N/A,N/A,N/A
Baccalauréat enbiologie,N/A,N/A,N/A,N/A,N/A,N/A,N/A,N/A
Baccalauréat enbiologie,N/A,N/A,N/A,N/A,N/A,N/A,N/A,N/A
Baccalauréat enbiologie,N/A,N/A,N/A,N/A,N/A,N/A,N/A,N/A
Baccalauréat enbiologie,N/A,N/A,N/A,N/A,N/A,N/A,N/A,N/A
Baccalauréat enbiologie,N/A,N/A,N/A,N/A,N/A,N/A,N/A,N/A
Baccalauréat enbiologie,N/A,N/A,N/A,N/A,N/A,N/A,N/A,N/A
Baccalauréat enbiologie,N/A,N/A,N/A,N/A,N/A,N/A,N/A,N/A
Baccalauréat enbiologie,N/A,N/A,N/A,N/A,N/A,N/A,N/A,N/A
Baccalauréat enbiologie,N/A,N/A,N/A,N/A,N/A,N/A,N/A,N/A
Baccalauréat enbiologie,N/A,N/A,N/A,N/A,N/A,N/A,N/A,N/A
Baccalauréat enbiologie,N/A,N/A,N/A,N/A,N/A,N/A,N/A,N/A
Baccalauréat enbiologie,N/A,N/A,N/A,N/A,N/A,N/A,N/A,N/A
Baccalauréat enbiologie,N/A,N/A,N/A,N/A,N/A,N/A,N/A,N/A
Baccalauréat enbiologie,N/A,N/A,N/A,N/A,N/A,N/A,N/A,N/A
Baccalauréat enbiologie,N/A,N/A,N/A,N/A,N/A,N/A,N/A,N/A
Baccalauréat enbiologie,N/A,N/A,N/A,N/A,N/A,N/A,N/A,N/A
Baccalauréat enbiologie,N/A,N/A,N/A,N/A,N/A,N/A,N/A,N/A
Baccalauréat enbiologie,N/A,N/A,N/A,N/A,N/A,N/A,N/A,N/A
Baccalauréat enbiologie,N/A,N/A,N/A,N/A,N/A,N/A,N/A,N/A
Baccalauréat enbiologie,N/A,N/A,N/A,N/A,N/A,N/A,N/A,N/A
Baccalauréat enbiologie,N/A,N/A,N/A,N/A,N/A,N/A,N/A,N/A
Baccalauréat enbiologie,N/A,N/A,N/A,N/A,N/A,N/A,N/A,N/A
Baccalauréat enbiologie,N/A,N/A,N/A,N/A,N/A,N/A,N/A,N/A
Baccalauréat enbiologie,N/A,N/A,N/A,N/A,N/A,N/A,N/A,N/A
Baccalauréat enbiologie,N/A,N/A,N/A,N/A,N/A,N/A,N/A,N/A
Baccalauréat enbiologie,N/A,N/A,N/A,N/A,N/A,N/A,N/A,N/A
Baccalauréat enbiologie,N/A,N/A,N/A,N/A,N/A,N/A,N/A,N/A
Baccalauréat enbiologie,N/A,N/A,N/A,N/A,N/A,N/A,N/A,N/A
Baccalauréat enbiologie,N/A,N/A,N/A,N/A,N/A,N/A,N/A,N/A
Baccalauréat enbiologie,N/A,N/A,N/A,N/A,N/A,N/A,N/A,N/A
Baccalauréat enbiologie,N/A,N/A,N/A,N/A,N/A,N/A,N/A,N/A
Baccalauréat enbiologie,N/A,N/A,N/A,N/A,N/A,N/A,N/A,N/A
Baccalauréat enbiologie,N/A,N/A,N/A,N/A,N/A,N/A,N/A,N/A
Baccalauréat enbiologie,N/A,N/A,N/A,N/A,N/A,N/A,N/A,N/A
Baccalauréat enbiologie,N/A,N/A,N/A,N/A,N/A,N/A,N/A,N/A
Baccalauréat enbiologie,N/A,N/A,N/A,N/A,N/A,N/A,N/A,N/A
Baccalauréat enbiologie,N/A,N/A,N/A,N/A,N/A,N/A,N/A,N/A
Baccalauréat enbiologie,N/A,N/A,N/A,N/A,N/A,N/A,N/A,N/A
Baccalauréat enbiologie,N/A,N/A,N/A,N/A,N/A,N/A,N/A,N/A
Baccalauréat enchimie,N/A,N/A,N/A,N/A,N/A,N/A,N/A,N/A
Baccalauréat enchimie,N/A,N/A,N/A,N/A,N/A,N/A,N/A,N/A
Baccalauréat enchimie,N/A,N/A,N/A,N/A,N/A,N/A,N/A,N/A
Baccalauréat enchimie,N/A,N/A,N/A,N/A,N/A,N/A,N/A,N/A
Baccalauréat enchimie,N/A,N/A,N/A,N/A,N/A,N/A,N/A,N/A
Baccalauréat enchimie,N/A,N/A,N/A,N/A,N/A,N/A,N/A,N/A
Baccalauréat enchimie,N/A,N/A,N/A,N/A,N/A,N/A,N/A,N/A
Baccalauréat enchimie,N/A,N/A,N/A,N/A,N/A,N/A,N/A,N/A
Baccalauréat enchimie,N/A,N/A,N/A,N/A,N/A,N/A,N/A,N/A
Baccalauréat enchimie,N/A,N/A,N/A,N/A,N/A,N/A,N/A,N/A
Baccalauréat enchimie,N/A,N/A,N/A,N/A,N/A,N/A,N/A,N/A
Baccalauréat enchimie,N/A,N/A,N/A,N/A,N/A,N/A,N/A,N/A
Baccalauréat enchimie,N/A,N/A,N/A,N/A,N/A,N/A,N/A,N/A
Baccalauréat enchimie,N/A,N/A,N/A,N/A,N/A,N/A,N/A,N/A
Baccalauréat enchimie,N/A,N/A,N/A,N/A,N/A,N/A,N/A,N/A
Baccalauréat enchimie,N/A,N/A,N/A,N/A,N/A,N/A,N/A,N/A
Baccalauréat enchimie - biopharmaceutique,N/A,N/A,N/A,N/A,N/A,N/A,N/A,N/A
Baccalauréat enchimie - biopharmaceutique,N/A,N/A,N/A,N/A,N/A,N/A,N/A,N/A
Baccalauréat enchimie - biopharmaceutique,N/A,N/A,N/A,N/A,N/A,N/A,N/A,N/A
Baccalauréat enchimie - biopharmaceutique,N/A,N/A,N/A,N/A,N/A,N/A,N/A,N/A
Baccalauréat enchimie - biopharmaceutique,N/A,N/A,N/A,N/A,N/A,N/A,N/A,N/A
Baccalauréat enchimie - biopharmaceutique,N/A,N/A,N/A,N/A,N/A,N/A,N/A,N/A
Baccalauréat enchimie - biopharmaceutique,N/A,N/A,N/A,N/A,N/A,N/A,N/A,N/A
Baccalauréat enchimie - biopharmaceutique,N/A,N/A,N/A,N/A,N/A,N/A,N/A,N/A
Baccalauréat enchimie - biopharmaceutique,N/A,N/A,N/A,N/A,N/A,N/A,N/A,N/A
Baccalauréat enchimie - biopharmaceutique,N/A,N/A,N/A,N/A,N/A,N/A,N/A,N/A
Baccalauréat enchimie - biopharmaceutique,N/A,N/A,N/A,N/A,N/A,N/A,N/A,N/A
Baccalauréat enchimie - biopharmaceutique,N/A,N/A,N/A,N/A,N/A,N/A,N/A,N/A
Baccalauréat enchimie - biopharmaceutique,N/A,N/A,N/A,N/A,N/A,N/A,N/A,N/A
Baccalauréat enchimie - biopharmaceutique,N/A,N/A,N/A,N/A,N/A,N/A,N/A,N/A
Baccalauréat enchimie - biopharmaceutique,N/A,N/A,N/A,N/A,N/A,N/A,N/A,N/A
Baccalauréat enchimie - biopharmaceutique,N/A,N/A,N/A,N/A,N/A,N/A,N/A,N/A
Baccalauréat enchimie - cosméceutique,N/A,N/A,N/A,N/A,N/A,N/A,N/A,N/A
Baccalauréat enchimie - cosméceutique,N/A,N/A,N/A,N/A,N/A,N/A,N/A,N/A
Baccalauréat enchimie - cosméceutique,N/A,N/A,N/A,N/A,N/A,N/A,N/A,N/A
Baccalauréat enchimie - cosméceutique,N/A,N/A,N/A,N/A,N/A,N/A,N/A,N/A
Baccalauréat enchimie - cosméceutique,N/A,N/A,N/A,N/A,N/A,N/A,N/A,N/A
Baccalauréat enchimie - cosméceutique,N/A,N/A,N/A,N/A,N/A,N/A,N/A,N/A
Baccalauréat enchimie - cosméceutique,N/A,N/A,N/A,N/A,N/A,N/A,N/A,N/A
Baccalauréat enchimie - cosméceutique,N/A,N/A,N/A,N/A,N/A,N/A,N/A,N/A
Baccalauréat enchimie - cosméceutique,N/A,N/A,N/A,N/A,N/A,N/A,N/A,N/A
Baccalauréat enchimie - cosméceutique,N/A,N/A,N/A,N/A,N/A,N/A,N/A,N/A
Baccalauréat enchimie - cosméceutique,N/A,N/A,N/A,N/A,N/A,N/A,N/A,N/A
Baccalauréat enchimie - cosméceutique,N/A,N/A,N/A,N/A,N/A,N/A,N/A,N/A
Baccalauréat enchimie - cosméceutique,N/A,N/A,N/A,N/A,N/A,N/A,N/A,N/A
Baccalauréat enchimie - cosméceutique,N/A,N/A,N/A,N/A,N/A,N/A,N/A,N/A
Baccalauréat enchimie - cosméceutique,N/A,N/A,N/A,N/A,N/A,N/A,N/A,N/A
Baccalauréat enchimie - cosméceutique,N/A,N/A,N/A,N/A,N/A,N/A,N/A,N/A
Baccalauréat enchimie - environnement,N/A,N/A,N/A,N/A,N/A,N/A,N/A,N/A
Baccalauréat enchimie - environnement,N/A,N/A,N/A,N/A,N/A,N/A,N/A,N/A
Baccalauréat enchimie - environnement,N/A,N/A,N/A,N/A,N/A,N/A,N/A,N/A
Baccalauréat enchimie - environnement,N/A,N/A,N/A,N/A,N/A,N/A,N/A,N/A
Baccalauréat enchimie - environnement,N/A,N/A,N/A,N/A,N/A,N/A,N/A,N/A
Baccalauréat enchimie - environnement,N/A,N/A,N/A,N/A,N/A,N/A,N/A,N/A
Baccalauréat enchimie - environnement,N/A,N/A,N/A,N/A,N/A,N/A,N/A,N/A
Baccalauréat enchimie - environnement,N/A,N/A,N/A,N/A,N/A,N/A,N/A,N/A
Baccalauréat enchimie - environnement,N/A,N/A,N/A,N/A,N/A,N/A,N/A,N/A
Baccalauréat enchimie - environnement,N/A,N/A,N/A,N/A,N/A,N/A,N/A,N/A
Baccalauréat enchimie - environnement,N/A,N/A,N/A,N/A,N/A,N/A,N/A,N/A
Baccalauréat enchimie - environnement,N/A,N/A,N/A,N/A,N/A,N/A,N/A,N/A
Baccalauréat enchimie - environnement,N/A,N/A,N/A,N/A,N/A,N/A,N/A,N/A
Baccalauréat enchimie - environnement,N/A,N/A,N/A,N/A,N/A,N/A,N/A,N/A
Baccalauréat enchimie - environnement,N/A,N/A,N/A,N/A,N/A,N/A,N/A,N/A
Baccalauréat enchimie - environnement,N/A,N/A,N/A,N/A,N/A,N/A,N/A,N/A
Baccalauréat enchimie - matériaux,N/A,N/A,N/A,N/A,N/A,N/A,N/A,N/A
Baccalauréat enchimie - matériaux,N/A,N/A,N/A,N/A,N/A,N/A,N/A,N/A
Baccalauréat enchimie - matériaux,N/A,N/A,N/A,N/A,N/A,N/A,N/A,N/A
Baccalauréat enchimie - matériaux,N/A,N/A,N/A,N/A,N/A,N/A,N/A,N/A
Baccalauréat enchimie - matériaux,N/A,N/A,N/A,N/A,N/A,N/A,N/A,N/A
Baccalauréat enchimie - matériaux,N/A,N/A,N/A,N/A,N/A,N/A,N/A,N/A
Baccalauréat enchimie - matériaux,N/A,N/A,N/A,N/A,N/A,N/A,N/A,N/A
Baccalauréat enchimie - matériaux,N/A,N/A,N/A,N/A,N/A,N/A,N/A,N/A
Baccalauréat enchimie - matériaux,N/A,N/A,N/A,N/A,N/A,N/A,N/A,N/A
Baccalauréat enchimie - matériaux,N/A,N/A,N/A,N/A,N/A,N/A,N/A,N/A
Baccalauréat enchimie - matériaux,N/A,N/A,N/A,N/A,N/A,N/A,N/A,N/A
Baccalauréat enchimie - matériaux,N/A,N/A,N/A,N/A,N/A,N/A,N/A,N/A
Baccalauréat enchimie - matériaux,N/A,N/A,N/A,N/A,N/A,N/A,N/A,N/A
Baccalauréat enchimie - matériaux,N/A,N/A,N/A,N/A,N/A,N/A,N/A,N/A
Baccalauréat enchimie - matériaux,N/A,N/A,N/A,N/A,N/A,N/A,N/A,N/A
Baccalauréat enchimie - matériaux,N/A,N/A,N/A,N/A,N/A,N/A,N/A,N/A
Baccalauréat encinéma et culture numérique,N/A,N/A,N/A,N/A,N/A,N/A,N/A,N/A
Baccalauréat encinéma et culture numérique,N/A,N/A,N/A,N/A,N/A,N/A,N/A,N/A
Baccalauréat encinéma et culture numérique,N/A,N/A,N/A,N/A,N/A,N/A,N/A,N/A
Baccalauréat encinéma et culture numérique,N/A,N/A,N/A,N/A,N/A,N/A,N/A,N/A
Baccalauréat encinéma et culture numérique,N/A,N/A,N/A,N/A,N/A,N/A,N/A,N/A
Baccalauréat encinéma et culture numérique,N/A,N/A,N/A,N/A,N/A,N/A,N/A,N/A
Baccalauréat encinéma et culture numérique,N/A,N/A,N/A,N/A,N/A,N/A,N/A,N/A
Baccalauréat encinéma et culture numérique,N/A,N/A,N/A,N/A,N/A,N/A,N/A,N/A
Baccalauréat encinéma et culture numérique,N/A,N/A,N/A,N/A,N/A,N/A,N/A,N/A
